Tytuł,Język ,BGG,
Seafall Legacy: Wersja Polska,PL,https://boardgamegeek.com/boardgame/148261/seafall,
Time of crisis,EN(PL),https://boardgamegeek.com/boardgame/164949/time-of-crisis-the-roman-empire-in-turmoil-235-284,
STAR WARS: Zewnętrzne Rubieże,PL,https://boardgamegeek.com/boardgame/271896/star-wars-outer-rim,
STAR WARS: Zewnętrzne Rubieże - Niedokończone sprawy,PL,https://boardgamegeek.com/boardgameexpansion/347102/star-wars-outer-rim-unfinished-business,
Master of Orion ,PL,https://boardgamegeek.com/boardgame/193322/master-of-orion-the-board-game,
Battle of Britain,EN,https://boardgamegeek.com/boardgame/204003/battle-of-britain,
Podaj dalej! Bez cenzury,PL,https://boardgamegeek.com/boardgame/173761/telestrations-after-dark,
Podaj dalej!,PL,https://boardgamegeek.com/boardgame/46213/telestrations,
Flick 'em up! Dzika strzelanka,PL,https://boardgamegeek.com/boardgame/169124/flick-em-up,
Budowa Miasta,PL,https://boardgamegeek.com/boardgame/177875/the-last-spike,
1941: Race to Moscow,EN,https://boardgamegeek.com/boardgame/190572/1941-race-to-moscow,
Studium w szmaragdzie,PL,https://boardgamegeek.com/boardgame/178054/a-study-in-emerald-second-edition,
Atlantic chase,EN,https://boardgamegeek.com/boardgame/251747/atlantic-chase-the-kriegsmarine-against-the-home-f,
Everdell,PL,https://boardgamegeek.com/boardgame/199792/everdell,
A distant plain,EN,https://boardgamegeek.com/boardgame/127518/a-distant-plain,
Viticulture: Essential Edition,PL,https://boardgamegeek.com/boardgame/183394/viticulture-essential-edition,
Choinka,PL,https://boardgamegeek.com/boardgame/234711/christmas-tree,
Forum Trajanum,PL,https://boardgamegeek.com/boardgame/244049/forum-trajanum,
Dark Ages,EN,https://boardgamegeek.com/boardgame/295535/dark-ages-heritage-of-charlemagne,
Brzdęk! Legacy: Acquisitions Incorporated,PL,https://boardgamegeek.com/boardgame/266507/clank-legacy-acquisitions-incorporated,
Poszły konie,PL,https://boardgamegeek.com/boardgame/351040/ready-set-bet,
Kraina Snów ,PL,https://boardgamegeek.com/boardgame/198454/when-i-dream,
Przebiegłe wielbłądy: Po zawodach,PL,https://boardgamegeek.com/boardgame/335271/camel-up-off-season,
Santa Maria,??,https://boardgamegeek.com/boardgame/229220/santa-maria,
The Grimm Forest ,EN,https://boardgamegeek.com/boardgame/212402/the-grimm-forest,
Lewis & Clark: The expedition,PL,https://boardgamegeek.com/boardgame/140620/lewis-and-clark-the-expedition,
Praga: Caput Regni,PL,https://boardgamegeek.com/boardgame/308765/praga-caput-regni,
Zaginiona Wyspa Arnak,PL,https://boardgamegeek.com/boardgame/312484/lost-ruins-of-arnak,
El Gaucho,PL,https://boardgamegeek.com/boardgame/162823/el-gaucho,
Kremlin,EN,https://boardgamegeek.com/boardgame/161782/kremlin-fourth-edition,
Brotherhood & Unity,EN,https://boardgamegeek.com/boardgame/255570/brotherhood-and-unity,
God of War: Gra karciana,PL,https://boardgamegeek.com/boardgame/278120/god-of-war-the-card-game,
Hansa Teutonica,PL,https://boardgamegeek.com/boardgame/43015/hansa-teutonica,
LEGENDARY Encounters,EN,https://boardgamegeek.com/boardgame/146652/legendary-encounters-an-alien-deck-building-game,
Joan of Arc,EN(PL),https://boardgamegeek.com/boardgame/64/joan-of-arc,
Total Domination,PL,https://boardgamegeek.com/boardgame/309427/total-domination,
Black Orchestra,EN,https://boardgamegeek.com/boardgame/156858/black-orchestra,
Mr House,PL,https://boardgamegeek.com/boardgame/164670/mr-house,
Kolejka,PL,https://boardgamegeek.com/boardgame/85325/kolejka,
Kolejka: Ogonek,PL,https://boardgamegeek.com/boardgame/112109/kolejka-ogonek,
Root,PL,https://boardgamegeek.com/boardgame/237182/root,
Tiny Towns,EN,https://boardgamegeek.com/boardgame/265736/tiny-towns,
Formula D,PL,https://boardgamegeek.com/boardgame/37904/formula-d,
Vasco da Gama,PL,https://boardgamegeek.com/boardgame/41002/vasco-da-gama,
Wojna o Pierscień: Gra karciana,PL,https://boardgamegeek.com/boardgame/362944/war-of-the-ring-the-card-game,
Race to Berlin,PL,https://boardgamegeek.com/boardgame/158888/race-to-berlin,
Klub Detektywów ,PL,https://boardgamegeek.com/boardgame/256788/detective-club,
Brass: Lancashire,PL,https://boardgamegeek.com/boardgame/28720/brass-lancashire,
Spartakus: Krew i zdrada,PL,https://boardgamegeek.com/boardgame/128671/spartacus-a-game-of-blood-and-treachery,
Churchill: Big three struggle for peace,EN,https://boardgamegeek.com/boardgame/132018/churchill,
Cthulhu: Dark Providence,PL,https://boardgamegeek.com/boardgame/404509/cthulhu-dark-providence,
Kinfire Delve: Grota próżności,PL,https://boardgamegeek.com/boardgame/391795/kinfire-delve-vainglorys-grotto,
Liście,PL,https://boardgamegeek.com/boardgame/434442/13-leaves,
Toothead: Nie daj się zjeść!,PL,https://boardgamegeek.com/boardgame/409161/toothead,
Odmęty Grozy,PL,https://boardgamegeek.com/boardgame/340466/unfathomable,
Colt Express,PL,https://boardgamegeek.com/boardgame/158899/colt-express,
Brian Boru,PL,https://boardgamegeek.com/boardgame/337765/brian-boru-high-king-of-ireland,
1989 Jesień Narodów,PL,https://boardgamegeek.com/boardgame/26997/1989-dawn-of-freedom,
7 cudów świata,PL,https://boardgamegeek.com/boardgame/68448/7-wonders,
Wyprawa do El Dorado,PL,https://boardgamegeek.com/boardgame/217372/the-quest-for-el-dorado,
Wsiąść do pociągu: Europa,PL,https://boardgamegeek.com/boardgame/14996/ticket-to-ride-europe,
Ethnos,PL,https://boardgamegeek.com/boardgame/206718/ethnos,
Turbo,PL,https://boardgamegeek.com/boardgame/366013/heat-pedal-to-the-metal,
Nosedive,PL,https://boardgamegeek.com/boardgame/265316/black-mirror-nosedive,
Mamy szpiega,PL,https://boardgamegeek.com/boardgame/166384/spyfall,
Der Herr des Eisgartens,DE,https://boardgamegeek.com/boardgame/157917/the-lord-of-the-ice-garden,
Ark Nova,PL,https://boardgamegeek.com/boardgame/342942/ark-nova,
Successors,PL,https://boardgamegeek.com/boardgame/325348/successors-fourth-edition,
Desert Storm: The hundred hour war,EN,https://boardgamegeek.com/boardgame/387502/desert-storm-the-hundred-hour-war,
Age of Dogfights,EN,https://boardgamegeek.com/boardgame/308652/age-of-dogfights-ww1,
Carcassonne,PL,https://boardgamegeek.com/boardgame/822/carcassonne,
Komiks: Gra towarzyska,PL,https://boardgamegeek.com/boardgame/162367/co-mix,
Dochodzenie: detektywi kontra seryjny zabójca,PL,https://boardgamegeek.com/boardgame/156129/deception-murder-in-hong-kong,
Enclave: Zakon Krańca Świata,PL,https://boardgamegeek.com/boardgame/126274/enclave-zakon-kranca-swiata,
Congress of Vienna,EN,https://boardgamegeek.com/boardgame/296578/congress-of-vienna,
Small World of Wacraft,PL,https://boardgamegeek.com/boardgame/309630/small-world-of-warcraft,
Bora Bora,EN,https://boardgamegeek.com/boardgame/127060/bora-bora,
Władca Pierscieni: Gra karciana,PL,https://boardgamegeek.com/boardgame/77423/the-lord-of-the-rings-the-card-game,
1960: The Making of the President,EN,https://boardgamegeek.com/boardgame/27708/1960-the-making-of-the-president,
Santa Monica,PL,https://boardgamegeek.com/boardgame/298065/santa-monica,
X-Men: Bunt Mutantów ,PL,https://boardgamegeek.com/boardgame/315937/x-men-mutant-insurrection,
Nowy Jork 1901,PL,https://boardgamegeek.com/boardgame/174660/new-york-1901,
Świat Dysku: Sekary,PL,https://boardgamegeek.com/boardgame/140279/clacks-a-discworld-board-game,
Loyang,PL,https://boardgamegeek.com/boardgame/39683/at-the-gates-of-loyang,
Human Punishment: The Beginning,EN,https://boardgamegeek.com/boardgame/283137/human-punishment-the-beginning,
Valhalla,PL,https://boardgamegeek.com/boardgame/237211/valhalla,
Rising Sun,PL,https://boardgamegeek.com/boardgame/205896/rising-sun,
Die Burgen von Burgund,EN(PL),https://boardgamegeek.com/boardgame/84876/the-castles-of-burgundy,
Gra o Tron: Gra planszowa,PL,https://boardgamegeek.com/boardgame/103343/a-game-of-thrones-the-board-game-second-edition,
Wojownicy Podziemi,PL,https://boardgamegeek.com/boardgame/102548/dungeon-fighter,
Imperial Struggle,PL,https://boardgamegeek.com/boardgame/206480/imperial-struggle,
Iki,PL,https://boardgamegeek.com/boardgame/177478/iki,
Pangea,PL,https://boardgamegeek.com/boardgame/274426/pangea,
Maria Theresa and the War of the Austrian Succession,EN,https://boardgamegeek.com/boardgame/40354/maria,
Clank!,EN,https://boardgamegeek.com/boardgame/201808/clank-a-deck-building-adventure,
Ocaleni,PL,https://boardgamegeek.com/boardgame/191051/outlive,
Metro 2033,EN,https://boardgamegeek.com/boardgame/112210/metro-2033,
Captain Sonar,EN,https://boardgamegeek.com/boardgame/171131/captain-sonar,
Cooper Island,PL,https://boardgamegeek.com/boardgame/269511/cooper-island,
Burning Banners,EN,https://boardgamegeek.com/boardgame/389820/burning-banners,
Wir sind das volk!,EN,https://boardgamegeek.com/boardgame/165401/wir-sind-das-volk,
Neuroshima Hex!,??,https://boardgamegeek.com/boardgame/21241/neuroshima-hex,
Bossin' Space,PL,https://boardgamegeek.com/boardgame/284821/bossin-space,
Quoridor,PL,https://boardgamegeek.com/boardgame/624/quoridor,
Pictomania,PL,https://boardgamegeek.com/boardgame/98229/pictomania,
Rune age,PL,https://boardgamegeek.com/boardgame/94362/rune-age,
Unmatched: Bruk i Mgła,PL,https://boardgamegeek.com/boardgame/294484/unmatched-cobble-and-fog,
Pandemic,PL,https://boardgamegeek.com/boardgame/30549/pandemic,
Domek,PL,https://boardgamegeek.com/boardgame/194880/dream-home,
Talisman: Batman,PL,https://boardgamegeek.com/boardgame/274690/talisman-batman-super-villains-edition,
Diuna: Imperium,PL,https://boardgamegeek.com/boardgame/316554/dune-imperium,
Blok Ekipa: Szacun na rejonie,PL,https://boardgamegeek.com/boardgame/388999/blok-ekipa-szacun-na-rejonie,
Dixit: Odyseja,PL,https://boardgamegeek.com/boardgame/92828/dixit-odyssey,
STAR WARS: The Deckbuilding Game,PL,https://boardgamegeek.com/boardgame/374173/star-wars-the-deckbuilding-game,
Fief,PL,https://boardgamegeek.com/boardgame/278304/fief-france,
Democracy under Siege,EN,https://boardgamegeek.com/boardgame/90568/democracy-under-siege,
Terrors of London,PL,https://boardgamegeek.com/boardgame/225910/terrors-of-london,
Palec Boży,PL,https://boardgamegeek.com/boardgame/281194/flick-of-faith,
Adrenaline,EN,https://boardgamegeek.com/boardgame/202408/adrenaline,
Firefly: The game,EN,https://boardgamegeek.com/boardgame/138161/firefly-the-game,
Nemesis,PL,https://boardgamegeek.com/boardgame/167355/nemesis,
Alchemicy,PL,https://boardgamegeek.com/boardgame/161970/alchemists,
Stella,PL,https://boardgamegeek.com/boardgame/329845/stella-dixit-universe,
Race for the Galaxy: Narodziny Imperiów,PL,https://boardgamegeek.com/boardgame/28143/race-for-the-galaxy,
Race for the Galaxy,EN,https://boardgamegeek.com/boardgame/28143/race-for-the-galaxy,
Race for the Galaxy: Rebel vs Imperium,EN,https://boardgamegeek.com/boardgame/40210/race-for-the-galaxy-rebel-vs-imperium,
Race for the Galaxy: Xeno Invasion,EN,https://boardgamegeek.com/boardgame/161599/race-for-the-galaxy-xeno-invasion,
Race for the Galaxy: The Gathering Storm,EN,https://boardgamegeek.com/boardgame/34499/race-for-the-galaxy-the-gathering-storm,
Pan tu nie stał: Demoludy,PL,https://boardgamegeek.com/boardgame/174065/pan-tu-nie-stal-demoludy,
Survive the Island,PL,https://boardgamegeek.com/boardgame/425428/survive-the-island,
Łąka,PL,https://boardgamegeek.com/boardgame/314491/meadow,
Łąka: Z biegiem strumienia,PL,https://boardgamegeek.com/boardgame/355957/meadow-downstream,
Nmbr 9,PL,https://boardgamegeek.com/boardgame/217449/nmbr-9,
Dungeon Legends,PL,https://boardgamegeek.com/boardgame/397138/dungeon-legends,
Na dnie morza,PL,https://boardgamegeek.com/boardgame/436126/finspan,
Great Western Trail,PL,https://boardgamegeek.com/boardgame/341169/great-western-trail-second-edition,
Weimar,EN,https://boardgamegeek.com/boardgame/265537/weimar-the-fight-for-democracy,
Star Scrappers: Łowcy Kryształów,PL,https://boardgamegeek.com/boardgame/228183/star-scrappers-cave-in,
Dice Throne: Barbarzyńca vs Księżycowa Elfka,PL,https://boardgamegeek.com/boardgame/322561/dice-throne-season-one-rerolled-battle-1-barbarian,
Triumph & Tragedy: European Balance of Power,EN,https://boardgamegeek.com/boardgame/130960/triumph-and-tragedy-european-balance-of-power-1936,
Scythe: The Wind Gambit,EN,https://boardgamegeek.com/boardgame/223555/scythe-the-wind-gambit,
Mafia,PL,https://boardgamegeek.com/boardgame/32471/mafia,
Downfall of Empires,EN,https://boardgamegeek.com/boardgame/295072/downfall-of-empires,
Conquest & Consequence,EN,https://boardgamegeek.com/boardgame/300323/conquest-and-consequence,
Junta,EN,https://boardgamegeek.com/boardgame/242/junta,
Taboo: Gra niewypowiedzianych słów,PL,https://boardgamegeek.com/boardgame/1111/taboo,
Zakazana Wyspa,PL,https://boardgamegeek.com/boardgame/65244/forbidden-island,
Glory: Droga do chwały ,PL,https://boardgamegeek.com/boardgame/206757/glory-a-game-of-knights,
Cosmic Encounter,EN(PL),https://boardgamegeek.com/boardgame/39463/cosmic-encounter,
Eksplodujące Kotki,PL,https://boardgamegeek.com/boardgame/172225/exploding-kittens,
Stwór,PL,https://boardgamegeek.com/boardgame/158392/stay-away,
Prezencik,PL,https://boardgamegeek.com/boardgame/12942/no-thanks,
Marvel: Rękawica Nieskończoności ,PL,https://boardgamegeek.com/boardgame/304285/infinity-gauntlet-a-love-letter-game,
Wyspa kwitnącej wiśni ,PL,https://boardgamegeek.com/boardgame/207336/honshu,
Avalon: rycerze króla Artura,PL,https://boardgamegeek.com/boardgame/128882/the-resistance-avalon,
Wsiąść do pociągu: Europa - 1912,PL,https://boardgamegeek.com/boardgame/53383/ticket-to-ride-europa-1912,
Karak: Goblin,PL,https://boardgamegeek.com/boardgame/345918/karak-goblin,
Dylemat Wagonika,PL,https://boardgamegeek.com/boardgame/282171/trial-by-trolley,
Strażniczki,PL,https://boardgamegeek.com/boardgame/176803/overseers,
List Miłosny,PL,https://boardgamegeek.com/boardgame/129622/love-letter,
Sabotażysta: Rozszerzenie,PL,https://boardgamegeek.com/boardgame/91072/saboteur-2-expansion-only-editions,
Poprzez wieki: Droga do szaleństwa,PL,https://boardgamegeek.com/boardgame/195544/tides-of-madness,
Bankrut,PL,https://boardgamegeek.com/boardgame/5393/wheedle,
Mini cywilizacja,PL,https://boardgamegeek.com/boardgame/182681/mini-cywilizacja,
Jolly Roger: piracka gra o łupach i buntach,PL,https://boardgamegeek.com/boardgame/165959/jolly-roger-the-game-of-piracy-and-mutiny,
Cards Against Humanity,EN,https://boardgamegeek.com/boardgame/50381/cards-against-humanity,
Gloom: gra niefortunnych zdarzeń,PL,https://boardgamegeek.com/boardgame/12692/gloom,
Carpe Diem,EN,https://boardgamegeek.com/boardgame/245934/carpe-diem,
Grzybobranie w Zielonym Gaju,PL,https://boardgamegeek.com/boardgameversion/491403/trefl-polish-edition,
Urbanista,PL,https://boardgamegeek.com/boardgame/251658/sprawlopolis,
Polska gola!,PL,https://boardgamegeek.com/boardgame/21930/crazy-kick,
Scythe,EN,https://boardgamegeek.com/boardgame/169786/scythe,
Scythe: Invaders from Afar,EN,https://boardgamegeek.com/boardgame/199727/scythe-invaders-from-afar,
Scythe: Fenris Powstaje,PL,https://boardgamegeek.com/boardgame/242277/scythe-the-rise-of-fenris,
Terraformacja Marsa,PL,https://boardgamegeek.com/boardgame/167791/terraforming-mars,
Ubongo 3D,PL,https://boardgamegeek.com/boardgame/46396/ubongo-3d,
Jishaku,PL,https://boardgamegeek.com/boardgame/36783/jishaku,
Kosmiczna eskadra,PL,https://boardgamegeek.com/boardgame/5534/light-speed,
Hej to moja ryba!,PL,https://boardgamegeek.com/boardgame/8203/hey-thats-my-fish,
Słowny Ninja,PL,https://boardgamegeek.com/boardgame/226354/slowny-ninja,
Koty,PL,https://boardgamegeek.com/boardgame/287671/mauwi,
Kruki,PL,https://boardgamegeek.com/boardgame/192074/odins-ravens-second-edition,
Kolejowy Szlak,PL,https://boardgamegeek.com/boardgame/245654/railroad-ink-deep-blue-edition,
Głodniaki,PL,https://boardgamegeek.com/boardgame/344254/yummy-yummy-monster-tummy,
Światowy konflikt,PL,https://boardgamegeek.com/boardgame/131357/coup,
Fits: dobrze się układa,PL,https://boardgamegeek.com/boardgame/67910/mini-fits,
Kraina zagadek,PL,https://zuberry.pl/games_series/kraina-zagadek/,
Mrowisko,PL,https://abino.com.pl/mrowisko/,
Pełny kurnik,PL,https://boardgamegeek.com/boardgame/286080/pelny-kurnik,
Grand Prix: Ostatnia prosta,PL,https://boardgamegeek.com/boardgame/635/formula-motor-racing,
Tyci akrobaci,PL,https://boardgamegeek.com/boardgame/303621/tiny-acrobats,
Wystrzałowe katapulty,PL,https://boardgamegeek.com/boardgame/310789/catapult-feud,
World of Tanks: Gra figurkowa,PL,https://boardgamegeek.com/boardgame/304620/world-of-tanks-miniatures-game,
Akademia Smoczych Wrót,PL,https://boardgamegeek.com/boardgame/184704/dragonsgate-college,
Rummikub,PL,https://boardgamegeek.com/boardgame/811/rummikub,
Hobbit: Gra karciana,PL,https://boardgamegeek.com/boardgame/126444/the-hobbit-card-game,
Cytadela,PL,https://boardgamegeek.com/boardgame/205398/citadels,
Sabotażysta,PL,https://boardgamegeek.com/boardgame/9220/saboteur,
STAR WARS: X-Wing - Gra figurkowa,PL,https://boardgamegeek.com/boardgame/103885/star-wars-x-wing-miniatures-game,
Czarne Historie: Boże Narodzenie,PL,https://boardgamegeek.com/boardgame/111327/black-stories-christmas-edition,
Kibole: wyjazd na mecz,PL,https://www.facebook.com/grakibole/,
Hanabi,PL,https://boardgamegeek.com/boardgame/98778/hanabi,
Sabotażysta,PL,https://boardgamegeek.com/boardgame/9220/saboteur,
Epic Card Game: Pojedynek,PL,https://boardgamegeek.com/boardgame/287608/epic-card-game-duels,
Champions,PL,https://boardgamegeek.com/boardgame/391565/champions,
Tajniacy bez cenzury,PL,https://boardgamegeek.com/boardgame/205158/codenames-deep-undercover,
Kurzy wyścig,PL,https://boardgamegeek.com/boardgame/182538/lay-it-or-break-it,
4 małe ule i miód,PL,https://planszeo.pl/gry-planszowe/male-4-ule/opis#tab,
Tajniacy,PL,https://boardgamegeek.com/boardgame/178900/codenames,
Duuuszki,PL,https://boardgamegeek.com/boardgame/83195/ghost-blitz,
Kartografowie,PL,https://boardgamegeek.com/boardgame/263918/cartographers,
Red7,PL,https://boardgamegeek.com/boardgame/161417/red7,
Skull,PL,https://boardgamegeek.com/boardgame/92415/skull,
Gejsze,PL,https://boardgamegeek.com/boardgame/158600/hanamikoji,
Karty dżentelmenów 1,PL,https://boardgamegeek.com/boardgame/188347/karty-dzentelmenow,
Karty dżentelmenów 2,PL,https://boardgamegeek.com/boardgame/216360/karty-dzentelmenow-epizod-drugi,
Tappi i poziomkowa przygoda,PL,https://www.planszeo.pl/gry-planszowe/tappi-i-poziomkowa-przygoda,
Szalona misja,PL,https://boardgamegeek.com/boardgame/136991/loony-quest,
Suspend,PL,https://boardgamegeek.com/boardgame/127784/suspend,
Magazynier,PL,https://boardgamegeek.com/boardgame/277410/veggies,
Totem,PL,https://boardgamegeek.com/boardgame/344233/totem,
STAR WARS: Guessing game,??,https://allegro.pl/produkt/gra-planszowa-star-wars-guessing-game-img-fe9f8c8d-3282-4341-8164-14fd6f695ffa?offerId=15459715541,"sorry, to jest jedyny link który o tym znalazłem xD"
Duplik,PL,https://boardgamegeek.com/boardgame/22348/duplik,
Daj namiar,PL,https://boardgamegeek.com/boardgame/300753/cross-clues,
Przebiegłe wielbłądy,PL,https://boardgamegeek.com/boardgame/153938/camel-up,
Tajne agentki,PL,https://boardgamegeek.com/boardgame/229741/shadows-in-kyoto,
Guns and steel: historia ludzkości,PL,https://boardgamegeek.com/boardgame/211323/guns-and-steel-a-civilization-card-game,
Mindtrap,EN,https://boardgamegeek.com/boardgame/1923/mindtrap,
Unanimo,PL,https://boardgamegeek.com/boardgame/12157/unanimo,
Joking Hazard,EN,https://boardgamegeek.com/boardgame/193621/joking-hazard,
Tajniacy obrazki,PL,https://boardgamegeek.com/boardgame/198773/codenames-pictures,
Pirackie skarby,PL,https://boardgamegeek.com/boardgame/141250/pirackie-skarby,
Wyprawa do dżungli,PL,https://boardgamegeek.com/boardgame/148600/wyprawa-do-dzungli,
Kolorowy zawrót głowy,PL,https://boardgamegeek.com/boardgame/141578/kolorowy-zawrot-glowy,
Bitwa na morzu,PL,https://boardgamegeek.com/boardgame/208683/bitwa-na-morzu,
Rycerze i zamki,PL,https://boardgamegeek.com/boardgame/159774/rycerze-i-zamki,
Kosmiczna misja,PL,https://boardgamegeek.com/boardgame/154728/kosmiczna-misja,
Time's up!,PL,https://boardgamegeek.com/boardgame/1353/times-up,
Nie testowaliśmy tego wcale,PL,https://boardgamegeek.com/boardgame/157723/we-didnt-playtest-this-at-all-with-chaos-pack-expa,
Atlantis: Island of Gods,PL,https://boardgamegeek.com/boardgame/253766/atlantis-island-of-gods,
Farmageddon,PL,https://boardgamegeek.com/boardgame/102897/farmageddon,
Zgroza xD,PL,https://planszeo.pl/gry-planszowe/zgroza-xd,
Mistakos: walka o stołki,PL,https://boardgamegeek.com/boardgame/2922/chairs,
Sushi Go Party,PL,https://boardgamegeek.com/boardgame/192291/sushi-go-party,
Grzybobranie: Rajd,PL,https://planszeo.pl/gry-planszowe/grzybobranie-rajd,
Fantastyczne Światy,PL,https://boardgamegeek.com/boardgame/223040/fantasy-realms,
Kości obfitości,PL,https://boardgamegeek.com/boardgame/231280/harvest-dice,
Cardia: magiczny pojedynek,PL,https://boardgamegeek.com/boardgame/447243/duel-for-cardia,
La Cosa Nostra,PL,https://boardgamegeek.com/boardgame/151771/la-cosa-nostra,
DEFCON 1: Deep Dive,EN,https://boardgamegeek.com/boardgame/413434/defcon-1-deep-dive,
DEFCON 1,EN,https://boardgamegeek.com/boardgame/322354/defcon-1,
Jednym słowem: gra niebanalnych skojarzeń,PL,https://boardgamegeek.com/boardgame/254640/just-one,
Labirynt słów,PL,https://boardgamegeek.com/boardgame/257527/trapwords,
Pośród gwiazd,PL,https://boardgamegeek.com/boardgame/110277/among-the-stars,
7 cudów świata: Pojedynek,PL,https://boardgamegeek.com/boardgame/173346/7-wonders-duel,
Explorers,DE{PL},https://boardgamegeek.com/boardgame/330174/explorers,
Grajeczka,PL,https://boardgamegeek.com/boardgame/220780/fairy-tile,
Colonial,EN,https://boardgamegeek.com/boardgame/99392/colonial-europes-empires-overseas,
Keyflower,EN,https://boardgamegeek.com/boardgame/122515/keyflower,
Majesty: deine Krone - dein Konigreich,DE{PL},https://boardgamegeek.com/boardgame/230080/majesty-for-the-realm,
Kłamcianka towarzyska,PL,https://boardgamegeek.com/boardgame/163279/klamcianka-towarzyska,
Boss Monster,EN,https://boardgamegeek.com/boardgame/131835/boss-monster-the-dungeon-building-card-game,
Boss Monster 2,EN,https://boardgamegeek.com/boardgame/174973/boss-monster-2-the-next-level,
Valeria: wyprawy,PL,https://boardgamegeek.com/boardgame/187680/quests-of-valeria,
Road Rally USA,EN(PL),https://boardgamegeek.com/boardgame/136954/road-rally-usa,
Jak wściekłe psy,PL,https://boardgamegeek.com/boardgame/184522/dead-last,